抽出語,出現回数,,抽出語,出現回数,,抽出語,出現回数
攻撃,4228,,COM,638,,領域,414
データ,2444,,設定,630,,関係,413
通信,2158,,ID,623,,多い,413
提案,2150,,サービス,612,,月,408
ウェア,1952,,URL,611,,文字,401
マル,1936,,実装,609,,要素,401
暗号,1716,,存在,586,,クライアント,398
システム,1635,,抽出,586,,メモリ,398
検知,1308,,端末,570,,選択,398
研究,1287,,確認,568,,個人,396
解析,1280,,確率,561,,調査,395
評価,1225,,管理,554,,同様,394
機能,1208,,定義,551,,個,393
サーバ,1206,,秘密,544,,動的,389
方式,1198,,列,541,,動作,387
ユーザ,1193,,モデル,540,,Information,385
認証,1106,,比較,539,,公開,385
特徴,1104,,出力,538,,検出,384
WEB,1053,,問題,535,,ドメイン,378
鍵,1020,,制御,532,,文献,377
ファイル,970,,対応,530,,悪性,376
安全,956,,特定,521,,検索,376
セキュリティ,949,,発生,521,,既存,375
送信,935,,判定,520,,影響,372
対策,924,,パスワード,512,,AC,370
構成,908,,関数,510,,論文,368
時間,907,,ポート,507,,例,367
アドレス,895,,適用,507,,機密,366
実験,878,,文,504,,検討,366
HTTP,876,,組織,500,,精度,366
コード,859,,複数,499,,提供,364
IP,832,,サイト,495,,説明,361
プロセス,820,,復号,488,,目的,360
分析,768,,次,473,,類似,358
検体,760,,WWW,470,,基づく,357
環境,749,,検証,468,,収集,357
観測,748,,AS,457,,リスク,356
パケット,742,,作成,457,,ビット,355
SECURITY,735,,実現,452,,課題,354
ネットワーク,735,,ノード,451,,属性,354
取得,726,,TCP,449,,種類,348
プロトコル,721,,感染,447,,監視,347
アクセス,698,,操作,445,,CAN,344
生成,697,,アルゴリズム,434,,変化,342
ク,683,,条件,431,,有効,342
JP,666,,OS,428,,パターン,338
方法,656,,不正,427,,学習,338
技術,642,,脅威,423,,状態,338
ホスト,641,,平文,418,,部分,337
分類,640,,節,414,,受信,336
